﻿<?xml version="1.0" encoding="utf-8" ?>
<c2eventsheet>
    <!--All the 'name' attributes are ignored by Construct 2 - they are there for readability only.-->
    <name>GameCorps</name>
    <events>
        <event-block sid="1161637556578569">
            <conditions>
                <condition id="-10" name="Compare opacity" sid="8577933929815028" type="BlackFade">
                    <param id="0" name="Comparison">4</param>
                    <param id="1" name="Opacity">0</param>
                </condition>
                <condition id="-8" inverted="1" name="Is boolean instance variable set" sid="5374317631983479" type="BlackFade">
                    <param id="0" name="Instance variable">startFading</param>
                </condition>
            </conditions>
            <actions>
                <action id="-16" name="Wait" sid="2815966195512553" type="System">
                    <param id="0" name="Seconds">0.1</param>
                </action>
                <action id="-16" name="Set opacity" sid="824827536304783" type="BlackFade">
                    <param id="0" name="Opacity">BlackFade.Opacity - 1</param>
                </action>
            </actions>
        </event-block>
        <event-block sid="944488994077589">
            <conditions>
                <condition id="-10" name="Compare opacity" sid="6752461636388419" type="BlackFade">
                    <param id="0" name="Comparison">0</param>
                    <param id="1" name="Opacity">0</param>
                </condition>
                <condition id="-8" inverted="1" name="Is boolean instance variable set" sid="1582836286181464" type="BlackFade">
                    <param id="0" name="Instance variable">startFading</param>
                </condition>
            </conditions>
            <actions>
                <action id="-16" name="Wait" sid="5121515349832792" type="System">
                    <param id="0" name="Seconds">2.5</param>
                </action>
                <action id="-13" name="Set boolean" sid="823588493552722" type="BlackFade">
                    <param id="0" name="Instance variable">startFading</param>
                    <param id="1" name="Value">1</param>
                </action>
            </actions>
        </event-block>
        <event-block sid="2460811821649357">
            <conditions>
                <condition id="-10" name="Compare opacity" sid="4464547437340722" type="BlackFade">
                    <param id="0" name="Comparison">2</param>
                    <param id="1" name="Opacity">100</param>
                </condition>
                <condition id="-8" name="Is boolean instance variable set" sid="1120626244525825" type="BlackFade">
                    <param id="0" name="Instance variable">startFading</param>
                </condition>
            </conditions>
            <actions>
                <action id="-16" name="Wait" sid="9196850389904082" type="System">
                    <param id="0" name="Seconds">0.1</param>
                </action>
                <action id="-16" name="Set opacity" sid="8277652332405026" type="BlackFade">
                    <param id="0" name="Opacity">BlackFade.Opacity + 1</param>
                </action>
            </actions>
        </event-block>
        <event-block sid="4430271045471454">
            <conditions>
                <condition id="-10" name="Compare opacity" sid="6600409882816279" type="BlackFade">
                    <param id="0" name="Comparison">0</param>
                    <param id="1" name="Opacity">100</param>
                </condition>
                <condition id="-8" name="Is boolean instance variable set" sid="6175899848982958" type="BlackFade">
                    <param id="0" name="Instance variable">startFading</param>
                </condition>
            </conditions>
            <actions>
                <action id="-2" name="Go to layout" sid="4527844645016291" type="System">
                    <param id="0" name="Layout">Construct</param>
                </action>
            </actions>
        </event-block>
    </events>
</c2eventsheet>
