﻿<?xml version="1.0" encoding="utf-8" ?>
<c2eventsheet>
    <!--All the 'name' attributes are ignored by Construct 2 - they are there for readability only.-->
    <name>Intro</name>
    <events>
        <event-block sid="3202284634750956">
            <conditions>
                <condition id="-10" name="Compare opacity" sid="9265774190983669" type="BlackFade">
                    <param id="0" name="Comparison">4</param>
                    <param id="1" name="Opacity">0</param>
                </condition>
                <condition id="-8" inverted="1" name="Is boolean instance variable set" sid="9158348849462243" type="BlackFade">
                    <param id="0" name="Instance variable">startFading</param>
                </condition>
            </conditions>
            <actions>
                <action id="-16" name="Wait" sid="249669252935198" type="System">
                    <param id="0" name="Seconds">0.1</param>
                </action>
                <action id="-16" name="Set opacity" sid="2529437577259749" type="BlackFade">
                    <param id="0" name="Opacity">BlackFade.Opacity - 1</param>
                </action>
            </actions>
        </event-block>
        <event-block sid="7182338604647562">
            <conditions>
                <condition id="-10" name="Compare opacity" sid="4426008790175892" type="BlackFade">
                    <param id="0" name="Comparison">0</param>
                    <param id="1" name="Opacity">0</param>
                </condition>
                <condition id="-8" inverted="1" name="Is boolean instance variable set" sid="6895971692613568" type="BlackFade">
                    <param id="0" name="Instance variable">startFading</param>
                </condition>
            </conditions>
            <actions>
                <action id="-16" name="Wait" sid="9283087106152493" type="System">
                    <param id="0" name="Seconds">2.5</param>
                </action>
                <action id="-13" name="Set boolean" sid="7167101333822797" type="BlackFade">
                    <param id="0" name="Instance variable">startFading</param>
                    <param id="1" name="Value">1</param>
                </action>
            </actions>
        </event-block>
        <event-block sid="3123461454226024">
            <conditions>
                <condition id="-10" name="Compare opacity" sid="4547189541612347" type="BlackFade">
                    <param id="0" name="Comparison">2</param>
                    <param id="1" name="Opacity">100</param>
                </condition>
                <condition id="-8" name="Is boolean instance variable set" sid="6259742854134964" type="BlackFade">
                    <param id="0" name="Instance variable">startFading</param>
                </condition>
            </conditions>
            <actions>
                <action id="-16" name="Wait" sid="2975058109285124" type="System">
                    <param id="0" name="Seconds">0.1</param>
                </action>
                <action id="-16" name="Set opacity" sid="9658195185717771" type="BlackFade">
                    <param id="0" name="Opacity">BlackFade.Opacity + 1</param>
                </action>
            </actions>
        </event-block>
        <event-block sid="756912049940595">
            <conditions>
                <condition id="-10" name="Compare opacity" sid="7073857263607426" type="BlackFade">
                    <param id="0" name="Comparison">0</param>
                    <param id="1" name="Opacity">100</param>
                </condition>
                <condition id="-8" name="Is boolean instance variable set" sid="7963420278280494" type="BlackFade">
                    <param id="0" name="Instance variable">startFading</param>
                </condition>
            </conditions>
            <actions>
                <action id="-2" name="Go to layout" sid="4502240804268315" type="System">
                    <param id="0" name="Layout">TitleScreen</param>
                </action>
            </actions>
        </event-block>
    </events>
</c2eventsheet>
