﻿<?xml version="1.0" encoding="utf-8" ?>
<c2eventsheet>
    <!--All the 'name' attributes are ignored by Construct 2 - they are there for readability only.-->
    <name>TitleEvents</name>
    <events>
        <event-group description="Events that trigger when the layout is displayed." sid="405537480943602" title="Title On Start">
            <sub-events>
                <comment>When the game has loaded to the title screen, we first load any custom decks made from web storage, then delete unnecessary objects and start the screen fade.</comment>
                <comment>For the screen fading. the fade in object is created and set to the size and position of the tiled background.</comment>
                <event-block sid="7839048357112358">
                    <conditions>
                        <condition id="-2" name="On start of layout" sid="5827362308737665" type="System" />
                    </conditions>
                    <actions>
                        <action id="11" name="Load" sid="1122634126573423" type="CustomDeck1">
                            <param id="0" name="JSON">WebStorage.LocalValue(&quot;CustomDeck1&quot;)</param>
                        </action>
                        <action id="11" name="Load" sid="4171951089280773" type="CustomDeck2">
                            <param id="0" name="JSON">WebStorage.LocalValue(&quot;CustomDeck2&quot;)</param>
                        </action>
                        <action id="11" name="Load" sid="9950681116748881" type="CustomDeck3">
                            <param id="0" name="JSON">WebStorage.LocalValue(&quot;CustomDeck3&quot;)</param>
                        </action>
                        <action id="-9" name="Destroy" sid="8887027724939302" type="FadeInObject" />
                        <action id="-9" name="Destroy" sid="3179191758785773" type="FadeOutObject" />
                        <action id="-3" name="Create object" sid="9293074920142667" type="System">
                            <param id="0" name="Object to create">FadeInObject</param>
                            <param id="1" name="Layer">0</param>
                            <param id="2" name="X">0</param>
                            <param id="3" name="Y">0</param>
                        </action>
                        <action id="-7" name="Set size" sid="5924120687779274" type="FadeInObject">
                            <param id="0" name="Width">TiledBoard.Width</param>
                            <param id="1" name="Height">TiledBoard.Height</param>
                        </action>
                        <action id="-4" name="Set position to another object" sid="406820614653539" type="FadeInObject">
                            <param id="0" name="Object">TiledBoard</param>
                            <param id="1" name="Image point (optional)">0</param>
                        </action>
                    </actions>
                    <sub-events>
                        <comment>The card count variables are also loaded from webstorage to be used with the &quot;EditorEvents&quot; event sheet.</comment>
                        <event-block sid="8116265162476612">
                            <conditions>
                                <condition id="7" name="Compare key value (as number)" sid="40958384419026" type="WebStorage">
                                    <param id="0" name="Key">&quot;Deck1&quot;</param>
                                    <param id="1" name="Comparison">4</param>
                                    <param id="2" name="Value">0</param>
                                </condition>
                            </conditions>
                            <actions>
                                <action id="-9" name="Set value" sid="4964376946734968" type="System">
                                    <param id="0" name="Variable">CustomDeck1Count</param>
                                    <param id="1" name="Value">WebStorage.LocalValue(&quot;Deck1&quot;)</param>
                                </action>
                            </actions>
                        </event-block>
                        <event-block sid="4917941955707085">
                            <conditions>
                                <condition id="7" name="Compare key value (as number)" sid="2302767914536475" type="WebStorage">
                                    <param id="0" name="Key">&quot;Deck2&quot;</param>
                                    <param id="1" name="Comparison">4</param>
                                    <param id="2" name="Value">0</param>
                                </condition>
                            </conditions>
                            <actions>
                                <action id="-9" name="Set value" sid="1129300653591814" type="System">
                                    <param id="0" name="Variable">CustomDeck2Count</param>
                                    <param id="1" name="Value">WebStorage.LocalValue(&quot;Deck2&quot;)</param>
                                </action>
                            </actions>
                        </event-block>
                        <event-block sid="7436882374757841">
                            <conditions>
                                <condition id="7" name="Compare key value (as number)" sid="5672619090299733" type="WebStorage">
                                    <param id="0" name="Key">&quot;Deck3&quot;</param>
                                    <param id="1" name="Comparison">4</param>
                                    <param id="2" name="Value">0</param>
                                </condition>
                            </conditions>
                            <actions>
                                <action id="-9" name="Set value" sid="9567488189928501" type="System">
                                    <param id="0" name="Variable">CustomDeck3Count</param>
                                    <param id="1" name="Value">WebStorage.LocalValue(&quot;Deck3&quot;)</param>
                                </action>
                            </actions>
                        </event-block>
                        <comment>If any of the custom decks have 50 cards then the custom deck arrays are set to &quot;Ready&quot;, that way they are selectable when the game begins.</comment>
                        <event-block sid="1719934318518201">
                            <conditions>
                                <condition id="-14" name="Compare variable" sid="3503112014675994" type="System">
                                    <param id="0" name="Variable">CustomDeck1Count</param>
                                    <param id="1" name="Comparison">0</param>
                                    <param id="2" name="Value">50</param>
                                </condition>
                            </conditions>
                            <actions>
                                <action id="-13" name="Set boolean" sid="6540737494476106" type="CustomDeck1">
                                    <param id="0" name="Instance variable">Ready</param>
                                    <param id="1" name="Value">1</param>
                                </action>
                            </actions>
                        </event-block>
                        <event-block sid="9565439712449025">
                            <conditions>
                                <condition id="-14" name="Compare variable" sid="7171194191899285" type="System">
                                    <param id="0" name="Variable">CustomDeck2Count</param>
                                    <param id="1" name="Comparison">0</param>
                                    <param id="2" name="Value">50</param>
                                </condition>
                            </conditions>
                            <actions>
                                <action id="-13" name="Set boolean" sid="3412644850265574" type="CustomDeck2">
                                    <param id="0" name="Instance variable">Ready</param>
                                    <param id="1" name="Value">1</param>
                                </action>
                            </actions>
                        </event-block>
                        <event-block sid="7022922508362946">
                            <conditions>
                                <condition id="-14" name="Compare variable" sid="3798905806524776" type="System">
                                    <param id="0" name="Variable">CustomDeck3Count</param>
                                    <param id="1" name="Comparison">0</param>
                                    <param id="2" name="Value">50</param>
                                </condition>
                            </conditions>
                            <actions>
                                <action id="-13" name="Set boolean" sid="1616340726998245" type="CustomDeck3">
                                    <param id="0" name="Instance variable">Ready</param>
                                    <param id="1" name="Value">1</param>
                                </action>
                            </actions>
                        </event-block>
                    </sub-events>
                </event-block>
            </sub-events>
        </event-group>
        <event-group description="Title button control." sid="2026034408124988" title="Title Selection">
            <sub-events>
                <comment>Touching the title screen buttons.</comment>
                <event-block sid="8412065630798352">
                    <conditions>
                        <condition id="3" name="On touched object" sid="9365848218283162" type="Touch">
                            <param id="0" name="Object">DeckSelector</param>
                        </condition>
                    </conditions>
                    <actions />
                    <sub-events>
                        <comment>When any button is pressed we start the fade screen and temporarily set the colour of the text on the button to white.</comment>
                        <event-block sid="9932196747051009">
                            <conditions>
                                <condition id="1" name="Is overlapping another object" sid="4286338311311088" type="DeckSelector">
                                    <param id="0" name="Object">StaticText</param>
                                </condition>
                            </conditions>
                            <actions>
                                <action id="-3" name="Create object" sid="2878162938140351" type="System">
                                    <param id="0" name="Object to create">FadeOutObject</param>
                                    <param id="1" name="Layer">0</param>
                                    <param id="2" name="X">0</param>
                                    <param id="3" name="Y">0</param>
                                </action>
                                <action id="-7" name="Set size" sid="2231235648593095" type="FadeOutObject">
                                    <param id="0" name="Width">TiledBoard.Width</param>
                                    <param id="1" name="Height">TiledBoard.Height</param>
                                </action>
                                <action id="-4" name="Set position to another object" sid="7693256129155639" type="FadeOutObject">
                                    <param id="0" name="Object">TiledBoard</param>
                                    <param id="1" name="Image point (optional)">0</param>
                                </action>
                                <action id="4" name="Set font color" sid="4172455967003788" type="StaticText">
                                    <param id="0" name="Color">rgb(255, 255, 255)</param>
                                </action>
                                <action id="-16" name="Wait" sid="1207543048614469" type="System">
                                    <param id="0" name="Seconds">0.5</param>
                                </action>
                                <action id="4" name="Set font color" sid="52444457873965" type="StaticText">
                                    <param id="0" name="Color">rgb(0, 0, 0)</param>
                                </action>
                                <action id="-16" name="Wait" sid="252851365561151" type="System">
                                    <param id="0" name="Seconds">0.5</param>
                                </action>
                            </actions>
                            <sub-events>
                                <comment>Button 1 for the game screen.</comment>
                                <event-block sid="5071809894856626">
                                    <conditions>
                                        <condition id="-7" name="Compare instance variable" sid="739286115297139" type="DeckSelector">
                                            <param id="0" name="Instance variable">Button</param>
                                            <param id="1" name="Comparison">0</param>
                                            <param id="2" name="Value">1</param>
                                        </condition>
                                    </conditions>
                                    <actions>
                                        <action id="-2" name="Go to layout" sid="3950431303153428" type="System">
                                            <param id="0" name="Layout">GameScreen</param>
                                        </action>
                                    </actions>
                                </event-block>
                                <comment>and 2 for the editor.</comment>
                                <event-block sid="2782867363297181">
                                    <conditions>
                                        <condition id="-7" name="Compare instance variable" sid="4684651505313421" type="DeckSelector">
                                            <param id="0" name="Instance variable">Button</param>
                                            <param id="1" name="Comparison">0</param>
                                            <param id="2" name="Value">2</param>
                                        </condition>
                                    </conditions>
                                    <actions>
                                        <action id="-2" name="Go to layout" sid="8562811464395473" type="System">
                                            <param id="0" name="Layout">EditorScreen</param>
                                        </action>
                                    </actions>
                                </event-block>
                            </sub-events>
                        </event-block>
                    </sub-events>
                </event-block>
            </sub-events>
        </event-group>
        <event-group description="" sid="2928163599662479" title="Clear Web Storage">
            <sub-events>
                <comment>Enable this event and load to the title screen if you ever want to clear your webstorage.</comment>
                <event-block disabled="1" sid="3008190614160848">
                    <conditions>
                        <condition id="-4" name="Trigger once while true" sid="1697288194219747" type="System" />
                    </conditions>
                    <actions>
                        <action id="4" name="Clear local storage" sid="1993274798811433" type="WebStorage" />
                    </actions>
                </event-block>
            </sub-events>
        </event-group>
    </events>
</c2eventsheet>
